{"cameraMode":{"drawMode":0,"name":"Shaded","section":"Shading Mode"},"sceneLighting":true,"audioPlay":false,"sceneViewState":{"m_AlwaysRefresh":false,"showFog":true,"showSkybox":true,"showFlares":true,"showImageEffects":true,"showParticleSystems":true,"showVisualEffectGraphs":true,"m_FxEnabled":true},"in2DMode":false,"pivot":{"x":13.770000457763672,"y":1.8610000610351563,"z":-11.760000228881836},"rotation":{"x":-0.24351933598518372,"y":0.6493636965751648,"z":-0.23182860016822816,"w":-0.6821298003196716},"size":2.5090479850769045,"orthographic":true}