{"cameraMode":{"drawMode":0,"name":"Shaded","section":"Shading Mode"},"sceneLighting":true,"audioPlay":false,"sceneViewState":{"m_AlwaysRefresh":false,"showFog":true,"showSkybox":true,"showFlares":true,"showImageEffects":true,"showParticleSystems":true,"showVisualEffectGraphs":true,"m_FxEnabled":true},"in2DMode":false,"pivot":{"x":16.972515106201173,"y":13.503886222839356,"z":12.998706817626954},"rotation":{"x":0.020714789628982545,"y":-0.3900626301765442,"z":-0.00877879373729229,"w":-0.920517086982727},"size":58.63081359863281,"orthographic":false}